{
  "MAE": 2.4428,
  "MSE": 14.646039999999998,
  "RMSE": 3.827014502193583,
  "R2": 0.9708521203900066,
  "Train_R2": 0.9952631133749011,
  "CV_RMSE_mean": 3.6633698587424925,
  "CV_RMSE_std": 0.38931835052693414,
  "CV_Folds": 5,
  "residual_plot": "model_residuals.png"
}